Top@k,recall
1,0.22175819586552517
5,0.3476717477552725
10,0.39674253497598666
20,0.4499895594069743
30,0.4821465859260806
50,0.5291292545416579
100,0.6007517226978493
