{"learning_rate": 4.6446505172848854e-05, "trainer/global_step": 17909, "_timestamp": 1693477993.365864, "_runtime": 10580.679270029068, "_step": 363, "training_loss": 4.265437382855453e-06, "epoch": 5, "validation_loss": 0.006124916952103376, "_wandb": {"runtime": 10583}}