{"learning_rate": 4.950000000000001e-06, "trainer/global_step": 99, "_timestamp": 1693467543.4609046, "_runtime": 130.77431058883667, "_step": 1, "training_loss": 0.6704846024513245, "epoch": 0}