Top@k,recall
1,0.35477135101273755
5,0.5080392566297766
10,0.5625391522238463
20,0.6304030068907914
30,0.6652745875965755
50,0.7107955731885571
100,0.7657130925036542
